{"_wandb":{"runtime":1},"acc":0.6984903971812746,"loss":-0.21418726878410635,"_timestamp":1.743427875709944e+09,"_runtime":1.1279831,"_step":2}